<?xml version="1.0" encoding="UTF-8" ?>

<!--约束文件设置-->
<!DOCTYPE configuration
        PUBLIC "-//mybatis.org//DTD Config 3.0//EN"
        "http://mybatis.org/dtd/mybatis-3-config.dtd">

<!--更多配置请参考https://mybatis.org/mybatis-3/zh/configuration.html-->

<configuration>

    <settings>

        <setting name="logImpl" value="STDOUT_LOGGING"/>
    </settings>

    <environments default="development">

        <environment id="development">

            <transactionManager type="JDBC"/>

            <dataSource type="POOLED">

                <property name="driver" value="com.mysql.jdbc.Driver"/>
                <property name="url" value="jdbc:mysql://127.0.0.1:3306/test"/>
                <property name="username" value="root"/>
                <property name="password" value="zxc563221659"/>
            </dataSource>

        </environment>
    </environments>

    <mappers>

        <package name="indi.cjh.dao" />
    </mappers>

</configuration>